# ************************************************************
# Sequel Pro SQL dump
# Version 5224
#
# http://www.sequelpro.com/
# https://github.com/sequelpro/sequelpro
#
# Host: 127.0.0.1 (MySQL 8.0.12)
# Database: party
# Generation Time: 2018-09-02 07:29:06 +0000
# ************************************************************


/*!40101 SET @OLD_CHARACTER_SET_CLIENT=@@CHARACTER_SET_CLIENT */;
/*!40101 SET @OLD_CHARACTER_SET_RESULTS=@@CHARACTER_SET_RESULTS */;
/*!40101 SET @OLD_COLLATION_CONNECTION=@@COLLATION_CONNECTION */;
/*!40101 SET NAMES utf8 */;
SET NAMES utf8mb4;
/*!40014 SET @OLD_FOREIGN_KEY_CHECKS=@@FOREIGN_KEY_CHECKS, FOREIGN_KEY_CHECKS=0 */;
/*!40101 SET @OLD_SQL_MODE=@@SQL_MODE, SQL_MODE='NO_AUTO_VALUE_ON_ZERO' */;
/*!40111 SET @OLD_SQL_NOTES=@@SQL_NOTES, SQL_NOTES=0 */;


# Dump of table par_department
# ------------------------------------------------------------

DROP TABLE IF EXISTS `par_department`;

CREATE TABLE `par_department` (
  `id` int(11) unsigned NOT NULL AUTO_INCREMENT,
  `parent_id` int(11) unsigned NOT NULL,
  `name` varchar(255) NOT NULL DEFAULT '',
  `introduce` text,
  `location` varchar(255) DEFAULT NULL COMMENT '位置',
  `coordinate` varchar(255) DEFAULT NULL COMMENT '百度地图接口坐标',
  `telphone` varchar(20) DEFAULT '',
  `cellphone` int(11) DEFAULT NULL,
  `secretary` varchar(10) DEFAULT '' COMMENT '现任书记姓名',
  `established_at` int(11) unsigned NOT NULL COMMENT '成立日期',
  `created_at` int(11) unsigned NOT NULL DEFAULT '0',
  `updated_at` int(11) unsigned NOT NULL DEFAULT '0',
  PRIMARY KEY (`id`)
) ENGINE=InnoDB DEFAULT CHARSET=utf8;



# Dump of table par_exam_category
# ------------------------------------------------------------

DROP TABLE IF EXISTS `par_exam_category`;

CREATE TABLE `par_exam_category` (
  `id` int(11) unsigned NOT NULL AUTO_INCREMENT,
  `name` int(11) NOT NULL,
  `created_at` int(11) unsigned NOT NULL DEFAULT '0',
  `updated_at` int(11) unsigned NOT NULL DEFAULT '0',
  PRIMARY KEY (`id`)
) ENGINE=InnoDB DEFAULT CHARSET=utf8;

LOCK TABLES `par_exam_category` WRITE;
/*!40000 ALTER TABLE `par_exam_category` DISABLE KEYS */;

INSERT INTO `par_exam_category` (`id`, `name`, `created_at`, `updated_at`)
VALUES
	(1,123,0,0);

/*!40000 ALTER TABLE `par_exam_category` ENABLE KEYS */;
UNLOCK TABLES;


# Dump of table par_exam_excel
# ------------------------------------------------------------

DROP TABLE IF EXISTS `par_exam_excel`;

CREATE TABLE `par_exam_excel` (
  `id` int(11) unsigned NOT NULL AUTO_INCREMENT,
  `category_id` int(11) unsigned NOT NULL,
  `url` text NOT NULL,
  `question_count` int(11) unsigned NOT NULL DEFAULT '0',
  `created_at` int(11) unsigned NOT NULL DEFAULT '0',
  `updated_at` int(11) unsigned NOT NULL DEFAULT '0',
  PRIMARY KEY (`id`)
) ENGINE=InnoDB DEFAULT CHARSET=utf8;

LOCK TABLES `par_exam_excel` WRITE;
/*!40000 ALTER TABLE `par_exam_excel` DISABLE KEYS */;

INSERT INTO `par_exam_excel` (`id`, `category_id`, `url`, `question_count`, `created_at`, `updated_at`)
VALUES
	(1,1,'',0,0,0),
	(2,123,'123',0,1534507868,1534507868),
	(8,1,'./2.xlsx',1,1534967223,1534967223),
	(9,1,'./2.xlsx',2,1534967416,1534967781);

/*!40000 ALTER TABLE `par_exam_excel` ENABLE KEYS */;
UNLOCK TABLES;


# Dump of table par_exam_paper
# ------------------------------------------------------------

DROP TABLE IF EXISTS `par_exam_paper`;

CREATE TABLE `par_exam_paper` (
  `id` int(11) unsigned NOT NULL AUTO_INCREMENT,
  `name` varchar(255) NOT NULL DEFAULT '',
  `duration` smallint(4) unsigned NOT NULL COMMENT '考试时间',
  `is_restrict_user` tinyint(1) unsigned NOT NULL DEFAULT '0' COMMENT '是否限定人员;0:所有人可以考;1:只有关联人员可以考',
  `max_score` int(11) unsigned NOT NULL DEFAULT '0',
  `pass_score` int(11) unsigned NOT NULL DEFAULT '0',
  `questions_count` int(11) unsigned NOT NULL DEFAULT '0',
  `published_at` int(11) unsigned NOT NULL DEFAULT '0',
  `finished_at` int(11) unsigned NOT NULL DEFAULT '0',
  `created_at` int(11) unsigned NOT NULL DEFAULT '0',
  `updated_at` int(11) unsigned NOT NULL DEFAULT '0',
  PRIMARY KEY (`id`)
) ENGINE=InnoDB DEFAULT CHARSET=utf8;

LOCK TABLES `par_exam_paper` WRITE;
/*!40000 ALTER TABLE `par_exam_paper` DISABLE KEYS */;

INSERT INTO `par_exam_paper` (`id`, `name`, `duration`, `is_restrict_user`, `max_score`, `pass_score`, `questions_count`, `published_at`, `finished_at`, `created_at`, `updated_at`)
VALUES
	(1,'测试paper',50,1,8,60,1,555,555,0,1535013092),
	(4,'测试paper',1,1,16,60,1,555,555,1535009728,1535009728),
	(5,'测试paper',50,1,16,60,1,555,555,1535010189,1535010189);

/*!40000 ALTER TABLE `par_exam_paper` ENABLE KEYS */;
UNLOCK TABLES;


# Dump of table par_exam_paper_question
# ------------------------------------------------------------

DROP TABLE IF EXISTS `par_exam_paper_question`;

CREATE TABLE `par_exam_paper_question` (
  `id` int(11) unsigned NOT NULL AUTO_INCREMENT,
  `paper_id` int(11) unsigned NOT NULL,
  `question_id` int(11) unsigned NOT NULL,
  `question_score` int(11) unsigned NOT NULL,
  `title` varchar(255) CHARACTER SET utf8 COLLATE utf8_bin NOT NULL DEFAULT '',
  `options` text CHARACTER SET utf8 COLLATE utf8_bin NOT NULL,
  `answer` text CHARACTER SET utf8 COLLATE utf8_bin NOT NULL,
  `created_at` int(11) unsigned NOT NULL,
  `updated_at` int(11) NOT NULL,
  PRIMARY KEY (`id`)
) ENGINE=InnoDB DEFAULT CHARSET=utf8;

LOCK TABLES `par_exam_paper_question` WRITE;
/*!40000 ALTER TABLE `par_exam_paper_question` DISABLE KEYS */;

INSERT INTO `par_exam_paper_question` (`id`, `paper_id`, `question_id`, `question_score`, `title`, `options`, `answer`, `created_at`, `updated_at`)
VALUES
	(3,4,4,8,X'',X'7B2241223A225C75376235345C753638343861222C2242223A225C75376235345C753638343862222C2243223A225C75376235345C753638343863222C2244223A225C75376235345C753638343864227D',X'5B2242225D',1535009728,1535009728),
	(4,4,16,8,X'E997AEE9A29832',X'7B2241223A225C75376235345C753638343861222C2242223A225C75376235345C753638343862222C2243223A225C75376235345C753638343863222C2244223A225C75376235345C753638343864227D',X'5B2242225D',1535009728,1535009728),
	(5,5,3,8,X'',X'7B2241223A225C75376235345C753638343861222C2242223A225C75376235345C753638343862222C2243223A225C75376235345C753638343863227D',X'5B2241222C2242225D',1535010189,1535010189),
	(6,5,4,8,X'',X'7B2241223A225C75376235345C753638343861222C2242223A225C75376235345C753638343862222C2243223A225C75376235345C753638343863222C2244223A225C75376235345C753638343864227D',X'5B2242225D',1535010189,1535010189);

/*!40000 ALTER TABLE `par_exam_paper_question` ENABLE KEYS */;
UNLOCK TABLES;


# Dump of table par_exam_paper_user
# ------------------------------------------------------------

DROP TABLE IF EXISTS `par_exam_paper_user`;

CREATE TABLE `par_exam_paper_user` (
  `id` int(11) unsigned NOT NULL AUTO_INCREMENT,
  `paper_id` int(11) unsigned NOT NULL,
  `user_id` int(11) unsigned NOT NULL,
  `created_at` int(11) unsigned NOT NULL,
  PRIMARY KEY (`id`)
) ENGINE=InnoDB DEFAULT CHARSET=utf8;



# Dump of table par_exam_question
# ------------------------------------------------------------

DROP TABLE IF EXISTS `par_exam_question`;

CREATE TABLE `par_exam_question` (
  `id` int(11) unsigned NOT NULL AUTO_INCREMENT,
  `excel_id` int(11) unsigned NOT NULL,
  `excel_index` int(11) unsigned NOT NULL,
  `disabled` tinyint(1) unsigned NOT NULL COMMENT '是否禁用;0:false;1:true',
  `title` varchar(255) NOT NULL DEFAULT '',
  `options` text NOT NULL,
  `answer` text NOT NULL,
  `created_at` int(11) unsigned NOT NULL DEFAULT '0',
  `updated_at` int(11) unsigned NOT NULL DEFAULT '0',
  PRIMARY KEY (`id`)
) ENGINE=InnoDB DEFAULT CHARSET=utf8;

LOCK TABLES `par_exam_question` WRITE;
/*!40000 ALTER TABLE `par_exam_question` DISABLE KEYS */;

INSERT INTO `par_exam_question` (`id`, `excel_id`, `excel_index`, `disabled`, `title`, `options`, `answer`, `created_at`, `updated_at`)
VALUES
	(1,2,1,0,'','','',0,0),
	(2,3,1,0,'','','',0,0),
	(3,8,1,0,'','{\"A\":\"\\u7b54\\u6848a\",\"B\":\"\\u7b54\\u6848b\",\"C\":\"\\u7b54\\u6848c\"}','[\"A\",\"B\"]',1534967224,1534967224),
	(4,8,2,0,'','{\"A\":\"\\u7b54\\u6848a\",\"B\":\"\\u7b54\\u6848b\",\"C\":\"\\u7b54\\u6848c\",\"D\":\"\\u7b54\\u6848d\"}','[\"B\"]',1534967224,1534967224),
	(15,9,1,1,'问题1     12312312','{\"A\":\"\\u7b54\\u6848a\",\"B\":\"\\u7b54\\u6848b\",\"C\":\"\\u7b54\\u6848c\"}','[\"A\",\"B\"]',1534967893,1534967893),
	(16,9,2,0,'问题2','{\"A\":\"\\u7b54\\u6848a\",\"B\":\"\\u7b54\\u6848b\",\"C\":\"\\u7b54\\u6848c\",\"D\":\"\\u7b54\\u6848d\"}','[\"B\"]',1534967893,1534967893);

/*!40000 ALTER TABLE `par_exam_question` ENABLE KEYS */;
UNLOCK TABLES;


# Dump of table par_exam_user_result
# ------------------------------------------------------------

DROP TABLE IF EXISTS `par_exam_user_result`;

CREATE TABLE `par_exam_user_result` (
  `id` int(11) unsigned NOT NULL AUTO_INCREMENT,
  `user_id` int(11) unsigned NOT NULL,
  `paper_id` int(11) unsigned NOT NULL,
  `paper_snapshoot` longtext NOT NULL,
  `answers_snapshoot` longtext NOT NULL,
  `score` int(11) unsigned NOT NULL DEFAULT '0',
  `is_passed` tinyint(1) unsigned NOT NULL DEFAULT '0' COMMENT '0:未通过;1:通过',
  `created_at` int(11) unsigned NOT NULL,
  `updated_at` int(11) unsigned NOT NULL,
  PRIMARY KEY (`id`)
) ENGINE=InnoDB DEFAULT CHARSET=utf8;



# Dump of table par_meeting
# ------------------------------------------------------------

DROP TABLE IF EXISTS `par_meeting`;

CREATE TABLE `par_meeting` (
  `id` int(11) unsigned NOT NULL AUTO_INCREMENT,
  `initiate_user_id` int(11) unsigned NOT NULL COMMENT '发起人，预约人',
  `need_audit` tinyint(1) unsigned NOT NULL,
  `title` varchar(255) NOT NULL DEFAULT '',
  `type` int(11) unsigned NOT NULL,
  `location` varchar(255) NOT NULL DEFAULT '',
  `opened_at` int(11) unsigned NOT NULL,
  `ended_at` int(11) unsigned NOT NULL,
  `created_at` int(11) unsigned NOT NULL,
  `updated_at` int(11) unsigned NOT NULL,
  PRIMARY KEY (`id`)
) ENGINE=InnoDB DEFAULT CHARSET=utf8;

LOCK TABLES `par_meeting` WRITE;
/*!40000 ALTER TABLE `par_meeting` DISABLE KEYS */;

INSERT INTO `par_meeting` (`id`, `initiate_user_id`, `need_audit`, `title`, `type`, `location`, `opened_at`, `ended_at`, `created_at`, `updated_at`)
VALUES
	(3,0,1,'测试title',2,'测试location',1535096224,1535096324,1535096124,1535096124),
	(4,0,1,'测试title',2,'测试location',1535096355,1535096455,1535096255,1535096255);

/*!40000 ALTER TABLE `par_meeting` ENABLE KEYS */;
UNLOCK TABLES;


# Dump of table par_meeting_audit
# ------------------------------------------------------------

DROP TABLE IF EXISTS `par_meeting_audit`;

CREATE TABLE `par_meeting_audit` (
  `id` int(11) unsigned NOT NULL AUTO_INCREMENT,
  `meeting_id` int(11) unsigned NOT NULL,
  `audit_user_id` int(11) unsigned NOT NULL,
  `status` smallint(2) NOT NULL,
  `reason` varchar(255) NOT NULL DEFAULT '',
  `created_at` int(11) unsigned NOT NULL,
  `updated_at` int(11) unsigned NOT NULL,
  PRIMARY KEY (`id`)
) ENGINE=InnoDB DEFAULT CHARSET=utf8;

LOCK TABLES `par_meeting_audit` WRITE;
/*!40000 ALTER TABLE `par_meeting_audit` DISABLE KEYS */;

INSERT INTO `par_meeting_audit` (`id`, `meeting_id`, `audit_user_id`, `status`, `reason`, `created_at`, `updated_at`)
VALUES
	(1,3,5,0,'',1535096124,1535096124),
	(2,4,5,-2,'测试reason',1535096255,1535096954);

/*!40000 ALTER TABLE `par_meeting_audit` ENABLE KEYS */;
UNLOCK TABLES;


# Dump of table par_meeting_user
# ------------------------------------------------------------

DROP TABLE IF EXISTS `par_meeting_user`;

CREATE TABLE `par_meeting_user` (
  `id` int(11) unsigned NOT NULL AUTO_INCREMENT,
  `meeting_id` int(11) unsigned NOT NULL,
  `user_id` int(11) unsigned NOT NULL,
  `type` int(11) DEFAULT NULL COMMENT '用户类型',
  `is_signed_in` tinyint(1) unsigned NOT NULL DEFAULT '0',
  `need_appointment` int(11) DEFAULT NULL,
  `created_at` int(11) unsigned NOT NULL,
  `updated_at` int(11) unsigned NOT NULL,
  `appointmented_at` int(11) DEFAULT NULL,
  PRIMARY KEY (`id`)
) ENGINE=InnoDB DEFAULT CHARSET=utf8;



# Dump of table par_portal_category
# ------------------------------------------------------------

DROP TABLE IF EXISTS `par_portal_category`;

CREATE TABLE `par_portal_category` (
  `id` int(11) unsigned NOT NULL AUTO_INCREMENT,
  `parent_id` int(11) unsigned NOT NULL,
  `sort_order` int(11) unsigned NOT NULL,
  `name` varchar(255) NOT NULL DEFAULT '',
  `description` varchar(255) NOT NULL DEFAULT '' COMMENT '描述',
  `list_template` varchar(50) NOT NULL DEFAULT '',
  `one_template` varchar(50) NOT NULL DEFAULT '',
  `path` varchar(255) CHARACTER SET utf8 COLLATE utf8_general_ci DEFAULT NULL,
  `more` text NOT NULL,
  `created_at` int(11) unsigned NOT NULL,
  `updated_at` int(11) unsigned NOT NULL,
  PRIMARY KEY (`id`)
) ENGINE=InnoDB DEFAULT CHARSET=utf8;

LOCK TABLES `par_portal_category` WRITE;
/*!40000 ALTER TABLE `par_portal_category` DISABLE KEYS */;

INSERT INTO `par_portal_category` (`id`, `parent_id`, `sort_order`, `name`, `description`, `list_template`, `one_template`, `path`, `more`, `created_at`, `updated_at`)
VALUES
	(1,0,0,'1','11','','','0-1','',0,0),
	(2,1,0,'2','22','','','0-1-2','',0,0),
	(4,2,0,'4','44','','','0-1-2-4','',0,0),
	(5,2,0,'5','55','','','0-1-2-5','',0,0);

/*!40000 ALTER TABLE `par_portal_category` ENABLE KEYS */;
UNLOCK TABLES;


# Dump of table par_portal_category_post
# ------------------------------------------------------------

DROP TABLE IF EXISTS `par_portal_category_post`;

CREATE TABLE `par_portal_category_post` (
  `id` int(11) unsigned NOT NULL AUTO_INCREMENT,
  `category_id` int(11) unsigned NOT NULL COMMENT '分类id',
  `post_id` int(11) unsigned NOT NULL COMMENT '文章id',
  `list_order` int(11) unsigned NOT NULL COMMENT '排序',
  `created_at` int(11) unsigned NOT NULL,
  `updated_at` int(11) unsigned NOT NULL,
  PRIMARY KEY (`id`)
) ENGINE=InnoDB DEFAULT CHARSET=utf8;

LOCK TABLES `par_portal_category_post` WRITE;
/*!40000 ALTER TABLE `par_portal_category_post` DISABLE KEYS */;

INSERT INTO `par_portal_category_post` (`id`, `category_id`, `post_id`, `list_order`, `created_at`, `updated_at`)
VALUES
	(1,1,1,0,0,0),
	(2,2,2,0,0,0);

/*!40000 ALTER TABLE `par_portal_category_post` ENABLE KEYS */;
UNLOCK TABLES;


# Dump of table par_portal_post
# ------------------------------------------------------------

DROP TABLE IF EXISTS `par_portal_post`;

CREATE TABLE `par_portal_post` (
  `id` int(11) unsigned NOT NULL AUTO_INCREMENT,
  `user_id` int(11) unsigned NOT NULL COMMENT '发表者用户id',
  `need_audit` tinyint(1) unsigned NOT NULL DEFAULT '0' COMMENT '是否需要审核;1:true;0:false;',
  `post_status` tinyint(1) unsigned NOT NULL COMMENT '状态;1:已发布;0:未发布;',
  `comment_status` tinyint(1) unsigned NOT NULL COMMENT '评论状态;1:允许;0:不允许',
  `is_top` tinyint(1) unsigned NOT NULL COMMENT '是否置顶;1:置顶;0:不置顶',
  `recommended` tinyint(1) unsigned NOT NULL COMMENT 'TINYINT',
  `post_hits` int(11) unsigned NOT NULL COMMENT '查看数',
  `post_like` int(11) unsigned NOT NULL COMMENT '点赞数',
  `post_title` varchar(255) NOT NULL DEFAULT '' COMMENT 'post标题',
  `post_excerpt` text CHARACTER SET utf8 COLLATE utf8_bin NOT NULL COMMENT 'post摘要',
  `post_source` text COMMENT '转载文章的来源',
  `post_content` longtext COMMENT '文章内容',
  `created_at` int(11) unsigned NOT NULL DEFAULT '0',
  `updated_at` int(11) unsigned NOT NULL DEFAULT '0',
  `published_at` int(11) unsigned NOT NULL DEFAULT '0' COMMENT '发布时间',
  `more` text COMMENT '扩展属性,如缩略图;格式为json',
  PRIMARY KEY (`id`)
) ENGINE=InnoDB DEFAULT CHARSET=utf8;



# Dump of table par_portal_post_audit
# ------------------------------------------------------------

DROP TABLE IF EXISTS `par_portal_post_audit`;

CREATE TABLE `par_portal_post_audit` (
  `id` int(11) unsigned NOT NULL AUTO_INCREMENT,
  `post_id` int(11) unsigned NOT NULL,
  `audit_user_id` int(11) unsigned NOT NULL,
  `status` tinyint(1) unsigned NOT NULL COMMENT '审核状态;1:通过;2:不通过',
  `reason` varchar(255) DEFAULT '',
  `created_at` int(11) unsigned NOT NULL,
  `updated_at` int(10) unsigned NOT NULL DEFAULT '0',
  PRIMARY KEY (`id`)
) ENGINE=InnoDB DEFAULT CHARSET=utf8;

LOCK TABLES `par_portal_post_audit` WRITE;
/*!40000 ALTER TABLE `par_portal_post_audit` DISABLE KEYS */;

INSERT INTO `par_portal_post_audit` (`id`, `post_id`, `audit_user_id`, `status`, `reason`, `created_at`, `updated_at`)
VALUES
	(1,1,0,0,'232',0,0);

/*!40000 ALTER TABLE `par_portal_post_audit` ENABLE KEYS */;
UNLOCK TABLES;


# Dump of table par_upload_file_log
# ------------------------------------------------------------

DROP TABLE IF EXISTS `par_upload_file_log`;

CREATE TABLE `par_upload_file_log` (
  `id` int(11) unsigned NOT NULL AUTO_INCREMENT,
  `user_id` int(11) DEFAULT NULL,
  `url` longtext,
  `created_at` int(11) unsigned DEFAULT NULL,
  PRIMARY KEY (`id`)
) ENGINE=InnoDB DEFAULT CHARSET=utf8;

LOCK TABLES `par_upload_file_log` WRITE;
/*!40000 ALTER TABLE `par_upload_file_log` DISABLE KEYS */;

INSERT INTO `par_upload_file_log` (`id`, `user_id`, `url`, `created_at`)
VALUES
	(1,123,'upload/20180821/IMG_20170907_170000.jpg',1534875131),
	(2,0,'upload/20180821/IMG_20160403_055750.jpg',1534875151),
	(3,0,'/upload/20180821/IMG_20170907_170000.jpg',1534875287);

/*!40000 ALTER TABLE `par_upload_file_log` ENABLE KEYS */;
UNLOCK TABLES;


# Dump of table par_user
# ------------------------------------------------------------

DROP TABLE IF EXISTS `par_user`;

CREATE TABLE `par_user` (
  `id` int(11) unsigned NOT NULL AUTO_INCREMENT,
  `type` tinyint(1) unsigned NOT NULL COMMENT '0:超级管理员;1:单位超级管理员;2:领导;3:党员;4:群众',
  `department_id` int(11) unsigned NOT NULL,
  `user_login` varchar(20) NOT NULL DEFAULT '',
  `user_password` varchar(20) NOT NULL DEFAULT '',
  `created_at` int(11) unsigned NOT NULL,
  `updated_at` int(11) unsigned NOT NULL,
  `access_token` varchar(255) DEFAULT '' COMMENT '每次登陆更新',
  PRIMARY KEY (`id`)
) ENGINE=InnoDB DEFAULT CHARSET=utf8;



# Dump of table par_user_comment
# ------------------------------------------------------------

DROP TABLE IF EXISTS `par_user_comment`;

CREATE TABLE `par_user_comment` (
  `id` int(11) unsigned NOT NULL AUTO_INCREMENT,
  `user_id` int(11) unsigned NOT NULL DEFAULT '0',
  `to_user_id` int(11) unsigned NOT NULL DEFAULT '0',
  `need_audit` tinyint(1) unsigned NOT NULL DEFAULT '0',
  `comment_title` int(11) DEFAULT NULL,
  `comment_content` int(11) DEFAULT NULL,
  `created_at` int(11) DEFAULT NULL,
  `updated_at` int(11) DEFAULT NULL,
  PRIMARY KEY (`id`)
) ENGINE=InnoDB DEFAULT CHARSET=utf8;



# Dump of table par_user_comment_audit
# ------------------------------------------------------------

DROP TABLE IF EXISTS `par_user_comment_audit`;

CREATE TABLE `par_user_comment_audit` (
  `id` int(11) unsigned NOT NULL AUTO_INCREMENT,
  `comment_id` int(11) DEFAULT NULL,
  `audit_user_id` int(11) DEFAULT NULL,
  `status` tinyint(1) DEFAULT NULL COMMENT '审核状态;1:通过;2:不通过',
  `reason` varchar(255) DEFAULT NULL,
  `created_at` int(11) DEFAULT NULL,
  `updated_at` int(11) DEFAULT NULL,
  PRIMARY KEY (`id`)
) ENGINE=InnoDB DEFAULT CHARSET=utf8;



# Dump of table par_user_notification
# ------------------------------------------------------------

DROP TABLE IF EXISTS `par_user_notification`;

CREATE TABLE `par_user_notification` (
  `id` int(11) unsigned NOT NULL AUTO_INCREMENT,
  `user_id` int(11) unsigned NOT NULL,
  `is_checked` int(11) unsigned NOT NULL DEFAULT '0',
  `created_at` int(11) unsigned NOT NULL DEFAULT '0',
  `updated_at` int(11) unsigned NOT NULL DEFAULT '0',
  PRIMARY KEY (`id`)
) ENGINE=InnoDB DEFAULT CHARSET=utf8;



# Dump of table par_user_payment
# ------------------------------------------------------------

DROP TABLE IF EXISTS `par_user_payment`;

CREATE TABLE `par_user_payment` (
  `id` int(11) unsigned NOT NULL AUTO_INCREMENT,
  `user_id` int(11) unsigned NOT NULL,
  `type` tinyint(1) unsigned NOT NULL,
  `amount` int(11) unsigned NOT NULL,
  `api_recive_msg` text NOT NULL,
  `created_at` int(11) unsigned NOT NULL,
  `finished_at` int(11) unsigned NOT NULL,
  `updated_at` int(11) unsigned NOT NULL,
  PRIMARY KEY (`id`)
) ENGINE=InnoDB DEFAULT CHARSET=utf8;



# Dump of table par_user_role
# ------------------------------------------------------------

DROP TABLE IF EXISTS `par_user_role`;

CREATE TABLE `par_user_role` (
  `id` int(11) unsigned NOT NULL AUTO_INCREMENT,
  PRIMARY KEY (`id`)
) ENGINE=InnoDB DEFAULT CHARSET=utf8;



# Dump of table par_vote
# ------------------------------------------------------------

DROP TABLE IF EXISTS `par_vote`;

CREATE TABLE `par_vote` (
  `id` int(11) unsigned NOT NULL AUTO_INCREMENT,
  `is_ restrict_user` int(11) DEFAULT NULL COMMENT '是否限定人员;0:所有人可以参加;1:只有关联人员可以参加',
  `initiate_user_id` int(11) DEFAULT NULL COMMENT '发起人',
  `type` tinyint(1) DEFAULT NULL COMMENT '类型;1:选举;2:表决;',
  `option_type` tinyint(1) DEFAULT NULL COMMENT '选项类型;1:人;2:文字',
  `initiate_content` text COMMENT '发起时候的内容',
  `is_publish` tinyint(1) DEFAULT NULL COMMENT '是否公示',
  `publish_content` text COMMENT '公示发布时候的内容',
  `started_at` int(11) DEFAULT NULL,
  `ended_at` int(11) DEFAULT NULL,
  `created_at` int(11) DEFAULT NULL,
  `updated_at` int(11) DEFAULT NULL,
  PRIMARY KEY (`id`)
) ENGINE=InnoDB DEFAULT CHARSET=utf8;



# Dump of table par_vote_option
# ------------------------------------------------------------

DROP TABLE IF EXISTS `par_vote_option`;

CREATE TABLE `par_vote_option` (
  `id` int(11) unsigned NOT NULL AUTO_INCREMENT,
  `vote_id` int(11) unsigned NOT NULL,
  `type` tinyint(1) unsigned NOT NULL COMMENT '选项类型;1:人;2:文字',
  `content_user_id` int(11) unsigned DEFAULT NULL COMMENT 'type=1时填写',
  `content_text` varchar(255) DEFAULT NULL COMMENT 'type=2时填写',
  `created_at` int(11) unsigned NOT NULL,
  `updated_at` int(11) unsigned NOT NULL,
  PRIMARY KEY (`id`)
) ENGINE=InnoDB DEFAULT CHARSET=utf8;



# Dump of table par_vote_user
# ------------------------------------------------------------

DROP TABLE IF EXISTS `par_vote_user`;

CREATE TABLE `par_vote_user` (
  `id` int(11) unsigned NOT NULL AUTO_INCREMENT,
  `vote_id` int(11) unsigned NOT NULL,
  `user_id` int(11) unsigned NOT NULL,
  `select_option_id` int(11) unsigned NOT NULL,
  `created_at` int(11) unsigned NOT NULL,
  PRIMARY KEY (`id`)
) ENGINE=InnoDB DEFAULT CHARSET=utf8;




/*!40111 SET SQL_NOTES=@OLD_SQL_NOTES */;
/*!40101 SET SQL_MODE=@OLD_SQL_MODE */;
/*!40014 SET FOREIGN_KEY_CHECKS=@OLD_FOREIGN_KEY_CHECKS */;
/*!40101 SET CHARACTER_SET_CLIENT=@OLD_CHARACTER_SET_CLIENT */;
/*!40101 SET CHARACTER_SET_RESULTS=@OLD_CHARACTER_SET_RESULTS */;
/*!40101 SET COLLATION_CONNECTION=@OLD_COLLATION_CONNECTION */;
